mode,bs,P,run,time
sequential,64,1,1,1.51976
sequential,64,1,2,1.55653
sequential,64,1,3,1.60089
create,32,1,1,1.98180947
create,32,1,2,1.93717115
create,32,1,3,1.92096256
create,32,2,1,1.38459163
create,32,2,2,1.31401455
create,32,2,3,1.37368065
create,32,4,1,1.40071909
create,32,4,2,1.35596987
create,32,4,3,1.21704306
create,32,8,1,1.57423227
create,32,8,2,1.62923197
create,32,8,3,1.38412021
create,32,16,1,1.72079999
create,32,16,2,1.88554449
create,32,16,3,1.90331391
pool,32,1,1,2.17426398
pool,32,1,2,2.23297378
pool,32,1,3,2.25311188
pool,32,2,1,1.83483426
pool,32,2,2,1.75584411
pool,32,2,3,1.77160991
pool,32,4,1,1.58950503
pool,32,4,2,1.46034632
pool,32,4,3,1.4652007
pool,32,8,1,1.46424716
pool,32,8,2,1.49949189
pool,32,8,3,1.40060695
pool,32,16,1,1.61277372
pool,32,16,2,1.71716321
pool,32,16,3,1.69985609
create,64,1,1,1.79564116
create,64,1,2,1.83368179
create,64,1,3,1.80383757
create,64,2,1,1.15637078
create,64,2,2,1.11952096
create,64,2,3,1.13166113
create,64,4,1,0.979133297
create,64,4,2,0.962693663
create,64,4,3,0.94125029
create,64,8,1,1.108583
create,64,8,2,1.12361193
create,64,8,3,1.11462572
create,64,16,1,1.2370971
create,64,16,2,1.21342877
create,64,16,3,1.23900045
pool,64,1,1,1.88829949
pool,64,1,2,1.9509149
pool,64,1,3,1.82412213
pool,64,2,1,1.35559155
pool,64,2,2,1.30401736
pool,64,2,3,1.50406861
pool,64,4,1,1.17709219
pool,64,4,2,1.19537423
pool,64,4,3,1.16922985
pool,64,8,1,1.04700399
pool,64,8,2,1.05913069
pool,64,8,3,1.11774643
pool,64,16,1,1.14040465
pool,64,16,2,1.0922701
pool,64,16,3,1.13954675
create,128,1,1,1.73585574
create,128,1,2,1.76624099
create,128,1,3,1.73489576
create,128,2,1,1.08435097
create,128,2,2,1.08206656
create,128,2,3,1.21408819
create,128,4,1,1.01300656
create,128,4,2,0.987390598
create,128,4,3,0.928165438
create,128,8,1,0.851556218
create,128,8,2,0.850842907
create,128,8,3,0.896775637
create,128,16,1,0.871231424
create,128,16,2,0.902517863
create,128,16,3,0.880832462
pool,128,1,1,1.71555738
pool,128,1,2,1.74620099
pool,128,1,3,1.76805154
pool,128,2,1,1.23634511
pool,128,2,2,1.37307451
pool,128,2,3,1.17711216
pool,128,4,1,0.977474938
pool,128,4,2,0.975048229
pool,128,4,3,1.02654247
pool,128,8,1,0.766902943
pool,128,8,2,0.768306707
pool,128,8,3,0.879286663
pool,128,16,1,0.720452108
pool,128,16,2,0.696685457
pool,128,16,3,0.744077122
create,256,1,1,1.67151767
create,256,1,2,1.63565075
create,256,1,3,1.63112096
create,256,2,1,1.10779925
create,256,2,2,1.00223225
create,256,2,3,0.996242115
create,256,4,1,0.820109542
create,256,4,2,0.806776621
create,256,4,3,0.760428983
create,256,8,1,0.753207045
create,256,8,2,0.763178275
create,256,8,3,0.706509988
create,256,16,1,0.676260319
create,256,16,2,0.750349959
create,256,16,3,0.752619058
pool,256,1,1,1.74672886
pool,256,1,2,1.71647919
pool,256,1,3,1.83512694
pool,256,2,1,1.24405485
pool,256,2,2,1.11732936
pool,256,2,3,0.972343762
pool,256,4,1,0.877356802
pool,256,4,2,0.90894858
pool,256,4,3,1.18956747
pool,256,8,1,0.774174187
pool,256,8,2,0.603228376
pool,256,8,3,0.637470655
pool,256,16,1,0.659643396
pool,256,16,2,0.60342711
pool,256,16,3,0.59799588
